{
  "project_info": {
    "project_number": "874517508154",
    "firebase_url": "https://flutterprac1-default-rtdb.firebaseio.com",
    "project_id": "flutterprac1",
    "storage_bucket": "flutterprac1.appspot.com"
  },
  "client": [
    {
      "client_info": {
        "mobilesdk_app_id": "1:874517508154:android:084c6a595166eeb0304503",
        "android_client_info": {
          "package_name": "com.example.chat_app"
        }
      },
      "oauth_client": [
        {
          "client_id": "874517508154-5fb1j47baa6gnoq7v4dc65r8o2p3euv7.apps.googleusercontent.com",
          "client_type": 3
        }
      ],
      "api_key": [
        {
          "current_key": "AIzaSyAaxufEWEYGQsw4NMbB0vMwGSBg570HUQ8"
        }
      ],
      "services": {
        "appinvite_service": {
          "other_platform_oauth_client": [
            {
              "client_id": "874517508154-5fb1j47baa6gnoq7v4dc65r8o2p3euv7.apps.googleusercontent.com",
              "client_type": 3
            }
          ]
        }
      }
    },
    {
      "client_info": {
        "mobilesdk_app_id": "1:874517508154:android:07500ec00773b9ae304503",
        "android_client_info": {
          "package_name": "com.example.prac1"
        }
      },
      "oauth_client": [
        {
          "client_id": "874517508154-5fb1j47baa6gnoq7v4dc65r8o2p3euv7.apps.googleusercontent.com",
          "client_type": 3
        }
      ],
      "api_key": [
        {
          "current_key": "AIzaSyAaxufEWEYGQsw4NMbB0vMwGSBg570HUQ8"
        }
      ],
      "services": {
        "appinvite_service": {
          "other_platform_oauth_client": [
            {
              "client_id": "874517508154-5fb1j47baa6gnoq7v4dc65r8o2p3euv7.apps.googleusercontent.com",
              "client_type": 3
            }
          ]
        }
      }
    }
  ],
  "configuration_version": "1"
}